﻿<?xml version="1.0" encoding="UTF-8"?>
<customUI onLoad="Ribbon_Load" xmlns="http://schemas.microsoft.com/office/2009/07/customui">
    <ribbon>
        <tabs>
            <tab idMso="TabAddIns" label="Netflix Search">
                <group id="group1" label="Netflix Group">
                    <button id="btnTitles" onAction="DoAction" label="Titles" size="large" getImage="FindImage" />
                    <button id="btnPeople" onAction="DoAction" label="People" size="large" getImage="FindImage" />
                </group>
            </tab>
        </tabs>
    </ribbon>
</customUI>