<Modules>
  <Module PersistentId="7ED3A177-DA20-4B87-931B-6DBBEF8ABB72" ModuleId="ExcelAddIn" />
  <Module PersistentId="DEC5FB68-E0DA-4676-B2C6-6058362DD65A" ModuleId="DataAccess" />
  <Module PersistentId="78CD10CA-7E95-4506-9D86-745BD823FEEB" ModuleId="WordAddIn" />
  <Module PersistentId="3515FA65-C237-499C-9DF5-A16D666B241B" ModuleId="WordDocument" />
  <Module PersistentId="d:Miscellaneous Files" ModuleId="System.Windows.Forms" />
  <Module PersistentId="3442BA56-4DB2-47E3-9B4E-9F9139C055AC" ModuleId="ExcelAddInNetflix" />
  <Module PersistentId="System.Windows.Forms, Version=4.0.0.0, Culture=neutral, PublicKeyToken=b77a5c561934e089" ModuleId="System.Windows.Forms_1" />
  <Module PersistentId="CFC49576-E266-4F50-9A0A-65329E7E2481" ModuleId="WordAddInNetflix" />
</Modules>